# label,t (nu=10)
# total_paths,200000
# bins,2000, xmin,0, xmax,6000000000, width,3000000
x,pdf
1500000,0
4500000,0
7500000,0
10500000,5e-12
13500000,1e-11
16500000,5e-11
19500000,7.833333333e-11
22500000,1.766666667e-10
25500000,3.483333333e-10
28500000,5.683333333e-10
31500000,7.7e-10
34500000,1.155e-09
37500000,1.56e-09
40500000,2.155e-09
43500000,2.628333333e-09
46500000,3.255e-09
49500000,3.72e-09
52500000,4.298333333e-09
55500000,4.756666667e-09
58500000,5.453333333e-09
61500000,5.941666667e-09
64500000,6.605e-09
67500000,7.091666667e-09
70500000,7.361666667e-09
73500000,7.978333333e-09
76500000,7.86e-09
79500000,8.11e-09
82500000,8.153333333e-09
85500000,8.493333333e-09
88500000,8.381666667e-09
91500000,8.5e-09
94500000,8.455e-09
97500000,8.306666667e-09
100500000,7.931666667e-09
103500000,8.158333333e-09
106500000,7.905e-09
109500000,7.57e-09
112500000,7.445e-09
115500000,7.331666667e-09
118500000,7.063333333e-09
121500000,6.785e-09
124500000,6.705e-09
127500000,6.248333333e-09
130500000,6.01e-09
133500000,5.891666667e-09
136500000,5.653333333e-09
139500000,5.201666667e-09
142500000,5.063333333e-09
145500000,4.966666667e-09
148500000,4.625e-09
151500000,4.535e-09
154500000,4.148333333e-09
157500000,4.035e-09
160500000,3.868333333e-09
163500000,3.706666667e-09
166500000,3.526666667e-09
169500000,3.271666667e-09
172500000,3.128333333e-09
175500000,3.125e-09
178500000,2.921666667e-09
181500000,2.703333333e-09
184500000,2.495e-09
187500000,2.465e-09
190500000,2.435e-09
193500000,2.278333333e-09
196500000,2.211666667e-09
199500000,1.966666667e-09
202500000,1.965e-09
205500000,1.808333333e-09
208500000,1.621666667e-09
211500000,1.661666667e-09
214500000,1.615e-09
217500000,1.458333333e-09
220500000,1.41e-09
223500000,1.266666667e-09
226500000,1.275e-09
229500000,1.185e-09
232500000,1.151666667e-09
235500000,1.055e-09
238500000,1.048333333e-09
241500000,9.616666667e-10
244500000,9.633333333e-10
247500000,8.766666667e-10
250500000,7.85e-10
253500000,8.55e-10
256500000,6.983333333e-10
259500000,6.916666667e-10
262500000,6.366666667e-10
265500000,5.816666667e-10
268500000,6.3e-10
271500000,5.933333333e-10
274500000,5.55e-10
277500000,5.233333333e-10
280500000,4.666666667e-10
283500000,4.683333333e-10
286500000,4.616666667e-10
289500000,3.733333333e-10
292500000,3.316666667e-10
295500000,3.883333333e-10
298500000,3.866666667e-10
301500000,3.116666667e-10
304500000,3.766666667e-10
307500000,3.1e-10
310500000,3.333333333e-10
313500000,2.55e-10
316500000,2.933333333e-10
319500000,2.35e-10
322500000,2.45e-10
325500000,2.2e-10
328500000,1.8e-10
331500000,2.283333333e-10
334500000,1.9e-10
337500000,1.583333333e-10
340500000,1.766666667e-10
343500000,1.533333333e-10
346500000,1.733333333e-10
349500000,1.666666667e-10
352500000,1.416666667e-10
355500000,1.5e-10
358500000,1.266666667e-10
361500000,1.3e-10
364500000,1.266666667e-10
367500000,1.116666667e-10
370500000,1.016666667e-10
373500000,9.666666667e-11
376500000,1.166666667e-10
379500000,7.666666667e-11
382500000,9.666666667e-11
385500000,9e-11
388500000,5.666666667e-11
391500000,8.833333333e-11
394500000,6.333333333e-11
397500000,6.666666667e-11
400500000,8.5e-11
403500000,4e-11
406500000,7.333333333e-11
409500000,5.833333333e-11
412500000,5.166666667e-11
415500000,6e-11
418500000,4.5e-11
421500000,5.166666667e-11
424500000,4.833333333e-11
427500000,4.333333333e-11
430500000,4.5e-11
433500000,2.833333333e-11
436500000,3.5e-11
439500000,2.833333333e-11
442500000,3.166666667e-11
445500000,2.166666667e-11
448500000,3.166666667e-11
451500000,2.666666667e-11
454500000,2.166666667e-11
457500000,1.5e-11
460500000,2.833333333e-11
463500000,2.5e-11
466500000,2e-11
469500000,2.5e-11
472500000,1e-11
475500000,1.833333333e-11
478500000,1.333333333e-11
481500000,2e-11
484500000,1.833333333e-11
487500000,1.5e-11
490500000,1e-11
493500000,1e-11
496500000,1.5e-11
499500000,1e-11
502500000,1.166666667e-11
505500000,8.333333333e-12
508500000,1.166666667e-11
511500000,6.666666667e-12
514500000,6.666666667e-12
517500000,1.5e-11
520500000,6.666666667e-12
523500000,1.333333333e-11
526500000,8.333333333e-12
529500000,6.666666667e-12
532500000,1.5e-11
535500000,1.666666667e-12
538500000,1.666666667e-12
541500000,6.666666667e-12
544500000,1.666666667e-11
547500000,3.333333333e-12
550500000,3.333333333e-12
553500000,3.333333333e-12
556500000,5e-12
559500000,8.333333333e-12
562500000,3.333333333e-12
565500000,5e-12
568500000,5e-12
571500000,6.666666667e-12
574500000,6.666666667e-12
577500000,5e-12
580500000,0
583500000,3.333333333e-12
586500000,3.333333333e-12
589500000,0
592500000,5e-12
595500000,0
598500000,1.666666667e-12
601500000,1.666666667e-12
604500000,0
607500000,1.666666667e-12
610500000,3.333333333e-12
613500000,1.666666667e-12
616500000,0
619500000,0
622500000,0
625500000,0
628500000,5e-12
631500000,0
634500000,5e-12
637500000,0
640500000,0
643500000,3.333333333e-12
646500000,0
649500000,1.666666667e-12
652500000,1.666666667e-12
655500000,0
658500000,1.666666667e-12
661500000,0
664500000,1.666666667e-12
667500000,0
670500000,0
673500000,1.666666667e-12
676500000,1.666666667e-12
679500000,0
682500000,0
685500000,0
688500000,1.666666667e-12
691500000,0
694500000,1.666666667e-12
697500000,0
700500000,0
703500000,3.333333333e-12
706500000,0
709500000,0
712500000,1.666666667e-12
715500000,0
718500000,0
721500000,0
724500000,0
727500000,0
730500000,0
733500000,0
736500000,0
739500000,0
742500000,0
745500000,0
748500000,3.333333333e-12
751500000,0
754500000,0
757500000,0
760500000,0
763500000,0
766500000,1.666666667e-12
769500000,0
772500000,0
775500000,0
778500000,0
781500000,0
784500000,0
787500000,0
790500000,0
793500000,0
796500000,0
799500000,0
802500000,0
805500000,0
808500000,0
811500000,0
814500000,0
817500000,1.666666667e-12
820500000,0
823500000,0
826500000,0
829500000,0
832500000,0
835500000,0
838500000,0
841500000,0
844500000,0
847500000,0
850500000,0
853500000,0
856500000,0
859500000,0
862500000,0
865500000,0
868500000,0
871500000,0
874500000,0
877500000,0
880500000,0
883500000,0
886500000,0
889500000,0
892500000,0
895500000,0
898500000,0
901500000,1.666666667e-12
904500000,0
907500000,0
910500000,0
913500000,0
916500000,0
919500000,0
922500000,0
925500000,0
928500000,0
931500000,0
934500000,0
937500000,0
940500000,0
943500000,0
946500000,0
949500000,0
952500000,0
955500000,0
958500000,0
961500000,0
964500000,0
967500000,0
970500000,0
973500000,0
976500000,0
979500000,0
982500000,0
985500000,0
988500000,0
991500000,0
994500000,0
997500000,0
1000500000,0
1003500000,0
1006500000,0
1009500000,0
1012500000,0
1015500000,0
1018500000,0
1021500000,0
1024500000,0
1027500000,0
1030500000,0
1033500000,0
1036500000,0
1039500000,0
1042500000,0
1045500000,0
1048500000,0
1051500000,0
1054500000,0
1057500000,0
1060500000,0
1063500000,0
1066500000,0
1069500000,0
1072500000,0
1075500000,0
1078500000,0
1081500000,0
1084500000,0
1087500000,0
1090500000,0
1093500000,0
1096500000,0
1099500000,0
1102500000,0
1105500000,0
1108500000,0
1111500000,0
1114500000,0
1117500000,0
1120500000,0
1123500000,0
1126500000,0
1129500000,0
1132500000,0
1135500000,0
1138500000,0
1141500000,0
1144500000,0
1147500000,0
1150500000,0
1153500000,0
1156500000,0
1159500000,0
1162500000,0
1165500000,0
1168500000,0
1171500000,0
1174500000,0
1177500000,0
1180500000,0
1183500000,0
1186500000,0
1189500000,0
1192500000,0
1195500000,0
1198500000,0
1201500000,0
1204500000,0
1207500000,0
1210500000,0
1213500000,0
1216500000,0
1219500000,0
1222500000,0
1225500000,0
1228500000,0
1231500000,0
1234500000,0
1237500000,0
1240500000,0
1243500000,0
1246500000,0
1249500000,0
1252500000,0
1255500000,0
1258500000,0
1261500000,0
1264500000,0
1267500000,0
1270500000,0
1273500000,0
1276500000,0
1279500000,0
1282500000,0
1285500000,0
1288500000,0
1291500000,0
1294500000,0
1297500000,0
1300500000,0
1303500000,0
1306500000,0
1309500000,0
1312500000,0
1315500000,0
1318500000,0
1321500000,0
1324500000,0
1327500000,0
1330500000,0
1333500000,0
1336500000,0
1339500000,0
1342500000,0
1345500000,0
1348500000,0
1351500000,0
1354500000,0
1357500000,0
1360500000,0
1363500000,0
1366500000,0
1369500000,0
1372500000,0
1375500000,0
1378500000,0
1381500000,0
1384500000,0
1387500000,0
1390500000,0
1393500000,0
1396500000,0
1399500000,0
1402500000,0
1405500000,0
1408500000,0
1411500000,0
1414500000,0
1417500000,0
1420500000,0
1423500000,0
1426500000,0
1429500000,0
1432500000,0
1435500000,0
1438500000,0
1441500000,0
1444500000,0
1447500000,0
1450500000,0
1453500000,0
1456500000,0
1459500000,0
1462500000,0
1465500000,0
1468500000,0
1471500000,0
1474500000,0
1477500000,0
1480500000,0
1483500000,0
1486500000,0
1489500000,0
1492500000,0
1495500000,0
1498500000,0
1501500000,0
1504500000,0
1507500000,0
1510500000,0
1513500000,0
1516500000,0
1519500000,0
1522500000,0
1525500000,0
1528500000,0
1531500000,0
1534500000,0
1537500000,0
1540500000,0
1543500000,0
1546500000,0
1549500000,0
1552500000,0
1555500000,0
1558500000,0
1561500000,0
1564500000,0
1567500000,0
1570500000,0
1573500000,0
1576500000,0
1579500000,0
1582500000,0
1585500000,0
1588500000,0
1591500000,0
1594500000,0
1597500000,0
1600500000,0
1603500000,0
1606500000,0
1609500000,0
1612500000,0
1615500000,0
1618500000,0
1621500000,0
1624500000,0
1627500000,0
1630500000,0
1633500000,0
1636500000,0
1639500000,0
1642500000,0
1645500000,0
1648500000,0
1651500000,0
1654500000,0
1657500000,0
1660500000,0
1663500000,0
1666500000,0
1669500000,0
1672500000,0
1675500000,0
1678500000,0
1681500000,0
1684500000,0
1687500000,0
1690500000,0
1693500000,0
1696500000,0
1699500000,0
1702500000,0
1705500000,0
1708500000,0
1711500000,0
1714500000,0
1717500000,0
1720500000,0
1723500000,0
1726500000,0
1729500000,0
1732500000,0
1735500000,0
1738500000,0
1741500000,0
1744500000,0
1747500000,0
1750500000,0
1753500000,0
1756500000,0
1759500000,0
1762500000,0
1765500000,0
1768500000,0
1771500000,0
1774500000,0
1777500000,0
1780500000,0
1783500000,0
1786500000,0
1789500000,0
1792500000,0
1795500000,0
1798500000,0
1801500000,0
1804500000,0
1807500000,0
1810500000,0
1813500000,0
1816500000,0
1819500000,0
1822500000,0
1825500000,0
1828500000,0
1831500000,0
1834500000,0
1837500000,0
1840500000,0
1843500000,0
1846500000,0
1849500000,0
1852500000,0
1855500000,0
1858500000,0
1861500000,0
1864500000,0
1867500000,0
1870500000,0
1873500000,0
1876500000,0
1879500000,0
1882500000,0
1885500000,0
1888500000,0
1891500000,0
1894500000,0
1897500000,0
1900500000,0
1903500000,0
1906500000,0
1909500000,0
1912500000,0
1915500000,0
1918500000,0
1921500000,0
1924500000,0
1927500000,0
1930500000,0
1933500000,0
1936500000,0
1939500000,0
1942500000,0
1945500000,0
1948500000,0
1951500000,0
1954500000,0
1957500000,0
1960500000,0
1963500000,0
1966500000,0
1969500000,0
1972500000,0
1975500000,0
1978500000,0
1981500000,0
1984500000,0
1987500000,0
1990500000,0
1993500000,0
1996500000,0
1999500000,0
2002500000,0
2005500000,0
2008500000,0
2011500000,0
2014500000,0
2017500000,0
2020500000,0
2023500000,0
2026500000,0
2029500000,0
2032500000,0
2035500000,0
2038500000,0
2041500000,0
2044500000,0
2047500000,0
2050500000,0
2053500000,0
2056500000,0
2059500000,0
2062500000,0
2065500000,0
2068500000,0
2071500000,0
2074500000,0
2077500000,0
2080500000,0
2083500000,0
2086500000,0
2089500000,0
2092500000,0
2095500000,0
2098500000,0
2101500000,0
2104500000,0
2107500000,0
2110500000,0
2113500000,0
2116500000,0
2119500000,0
2122500000,0
2125500000,0
2128500000,0
2131500000,0
2134500000,0
2137500000,0
2140500000,0
2143500000,0
2146500000,0
2149500000,0
2152500000,0
2155500000,0
2158500000,0
2161500000,0
2164500000,0
2167500000,0
2170500000,0
2173500000,0
2176500000,0
2179500000,0
2182500000,0
2185500000,0
2188500000,0
2191500000,0
2194500000,0
2197500000,0
2200500000,0
2203500000,0
2206500000,0
2209500000,0
2212500000,0
2215500000,0
2218500000,0
2221500000,0
2224500000,0
2227500000,0
2230500000,0
2233500000,0
2236500000,0
2239500000,0
2242500000,0
2245500000,0
2248500000,0
2251500000,0
2254500000,0
2257500000,0
2260500000,0
2263500000,0
2266500000,0
2269500000,0
2272500000,0
2275500000,0
2278500000,0
2281500000,0
2284500000,0
2287500000,0
2290500000,0
2293500000,0
2296500000,0
2299500000,0
2302500000,0
2305500000,0
2308500000,0
2311500000,0
2314500000,0
2317500000,0
2320500000,0
2323500000,0
2326500000,0
2329500000,0
2332500000,0
2335500000,0
2338500000,0
2341500000,0
2344500000,0
2347500000,0
2350500000,0
2353500000,0
2356500000,0
2359500000,0
2362500000,0
2365500000,0
2368500000,0
2371500000,0
2374500000,0
2377500000,0
2380500000,0
2383500000,0
2386500000,0
2389500000,0
2392500000,0
2395500000,0
2398500000,0
2401500000,0
2404500000,0
2407500000,0
2410500000,0
2413500000,0
2416500000,0
2419500000,0
2422500000,0
2425500000,0
2428500000,0
2431500000,0
2434500000,0
2437500000,0
2440500000,0
2443500000,0
2446500000,0
2449500000,0
2452500000,0
2455500000,0
2458500000,0
2461500000,0
2464500000,0
2467500000,0
2470500000,0
2473500000,0
2476500000,0
2479500000,0
2482500000,0
2485500000,0
2488500000,0
2491500000,0
2494500000,0
2497500000,0
2500500000,0
2503500000,0
2506500000,0
2509500000,0
2512500000,0
2515500000,0
2518500000,0
2521500000,0
2524500000,0
2527500000,0
2530500000,0
2533500000,0
2536500000,0
2539500000,0
2542500000,0
2545500000,0
2548500000,0
2551500000,0
2554500000,0
2557500000,0
2560500000,0
2563500000,0
2566500000,0
2569500000,0
2572500000,0
2575500000,0
2578500000,0
2581500000,0
2584500000,0
2587500000,0
2590500000,0
2593500000,0
2596500000,0
2599500000,0
2602500000,0
2605500000,0
2608500000,0
2611500000,0
2614500000,0
2617500000,0
2620500000,0
2623500000,0
2626500000,0
2629500000,0
2632500000,0
2635500000,0
2638500000,0
2641500000,0
2644500000,0
2647500000,0
2650500000,0
2653500000,0
2656500000,0
2659500000,0
2662500000,0
2665500000,0
2668500000,0
2671500000,0
2674500000,0
2677500000,0
2680500000,0
2683500000,0
2686500000,0
2689500000,0
2692500000,0
2695500000,0
2698500000,0
2701500000,0
2704500000,0
2707500000,0
2710500000,0
2713500000,0
2716500000,0
2719500000,0
2722500000,0
2725500000,0
2728500000,0
2731500000,0
2734500000,0
2737500000,0
2740500000,0
2743500000,0
2746500000,0
2749500000,0
2752500000,0
2755500000,0
2758500000,0
2761500000,0
2764500000,0
2767500000,0
2770500000,0
2773500000,0
2776500000,0
2779500000,0
2782500000,0
2785500000,0
2788500000,0
2791500000,0
2794500000,0
2797500000,0
2800500000,0
2803500000,0
2806500000,0
2809500000,0
2812500000,0
2815500000,0
2818500000,0
2821500000,0
2824500000,0
2827500000,0
2830500000,0
2833500000,0
2836500000,0
2839500000,0
2842500000,0
2845500000,0
2848500000,0
2851500000,0
2854500000,0
2857500000,0
2860500000,0
2863500000,0
2866500000,0
2869500000,0
2872500000,0
2875500000,0
2878500000,0
2881500000,0
2884500000,0
2887500000,0
2890500000,0
2893500000,0
2896500000,0
2899500000,0
2902500000,0
2905500000,0
2908500000,0
2911500000,0
2914500000,0
2917500000,0
2920500000,0
2923500000,0
2926500000,0
2929500000,0
2932500000,0
2935500000,0
2938500000,0
2941500000,0
2944500000,0
2947500000,0
2950500000,0
2953500000,0
2956500000,0
2959500000,0
2962500000,0
2965500000,0
2968500000,0
2971500000,0
2974500000,0
2977500000,0
2980500000,0
2983500000,0
2986500000,0
2989500000,0
2992500000,0
2995500000,0
2998500000,0
3001500000,0
3004500000,0
3007500000,0
3010500000,0
3013500000,0
3016500000,0
3019500000,0
3022500000,0
3025500000,0
3028500000,0
3031500000,0
3034500000,0
3037500000,0
3040500000,0
3043500000,0
3046500000,0
3049500000,0
3052500000,0
3055500000,0
3058500000,0
3061500000,0
3064500000,0
3067500000,0
3070500000,0
3073500000,0
3076500000,0
3079500000,0
3082500000,0
3085500000,0
3088500000,0
3091500000,0
3094500000,0
3097500000,0
3100500000,0
3103500000,0
3106500000,0
3109500000,0
3112500000,0
3115500000,0
3118500000,0
3121500000,0
3124500000,0
3127500000,0
3130500000,0
3133500000,0
3136500000,0
3139500000,0
3142500000,0
3145500000,0
3148500000,0
3151500000,0
3154500000,0
3157500000,0
3160500000,0
3163500000,0
3166500000,0
3169500000,0
3172500000,0
3175500000,0
3178500000,0
3181500000,0
3184500000,0
3187500000,0
3190500000,0
3193500000,0
3196500000,0
3199500000,0
3202500000,0
3205500000,0
3208500000,0
3211500000,0
3214500000,0
3217500000,0
3220500000,0
3223500000,0
3226500000,0
3229500000,0
3232500000,0
3235500000,0
3238500000,0
3241500000,0
3244500000,0
3247500000,0
3250500000,0
3253500000,0
3256500000,0
3259500000,0
3262500000,0
3265500000,0
3268500000,0
3271500000,0
3274500000,0
3277500000,0
3280500000,0
3283500000,0
3286500000,0
3289500000,0
3292500000,0
3295500000,0
3298500000,0
3301500000,0
3304500000,0
3307500000,0
3310500000,0
3313500000,0
3316500000,0
3319500000,0
3322500000,0
3325500000,0
3328500000,0
3331500000,0
3334500000,0
3337500000,0
3340500000,0
3343500000,0
3346500000,0
3349500000,0
3352500000,0
3355500000,0
3358500000,0
3361500000,0
3364500000,0
3367500000,0
3370500000,0
3373500000,0
3376500000,0
3379500000,0
3382500000,0
3385500000,0
3388500000,0
3391500000,0
3394500000,0
3397500000,0
3400500000,0
3403500000,0
3406500000,0
3409500000,0
3412500000,0
3415500000,0
3418500000,0
3421500000,0
3424500000,0
3427500000,0
3430500000,0
3433500000,0
3436500000,0
3439500000,0
3442500000,0
3445500000,0
3448500000,0
3451500000,0
3454500000,0
3457500000,0
3460500000,0
3463500000,0
3466500000,0
3469500000,0
3472500000,0
3475500000,0
3478500000,0
3481500000,0
3484500000,0
3487500000,0
3490500000,0
3493500000,0
3496500000,0
3499500000,0
3502500000,0
3505500000,0
3508500000,0
3511500000,0
3514500000,0
3517500000,0
3520500000,0
3523500000,0
3526500000,0
3529500000,0
3532500000,0
3535500000,0
3538500000,0
3541500000,0
3544500000,0
3547500000,0
3550500000,0
3553500000,0
3556500000,0
3559500000,0
3562500000,0
3565500000,0
3568500000,0
3571500000,0
3574500000,0
3577500000,0
3580500000,0
3583500000,0
3586500000,0
3589500000,0
3592500000,0
3595500000,0
3598500000,0
3601500000,0
3604500000,0
3607500000,0
3610500000,0
3613500000,0
3616500000,0
3619500000,0
3622500000,0
3625500000,0
3628500000,0
3631500000,0
3634500000,0
3637500000,0
3640500000,0
3643500000,0
3646500000,0
3649500000,0
3652500000,0
3655500000,0
3658500000,0
3661500000,0
3664500000,0
3667500000,0
3670500000,0
3673500000,0
3676500000,0
3679500000,0
3682500000,0
3685500000,0
3688500000,0
3691500000,0
3694500000,0
3697500000,0
3700500000,0
3703500000,0
3706500000,0
3709500000,0
3712500000,0
3715500000,0
3718500000,0
3721500000,0
3724500000,0
3727500000,0
3730500000,0
3733500000,0
3736500000,0
3739500000,0
3742500000,0
3745500000,0
3748500000,0
3751500000,0
3754500000,0
3757500000,0
3760500000,0
3763500000,0
3766500000,0
3769500000,0
3772500000,0
3775500000,0
3778500000,0
3781500000,0
3784500000,0
3787500000,0
3790500000,0
3793500000,0
3796500000,0
3799500000,0
3802500000,0
3805500000,0
3808500000,0
3811500000,0
3814500000,0
3817500000,0
3820500000,0
3823500000,0
3826500000,0
3829500000,0
3832500000,0
3835500000,0
3838500000,0
3841500000,0
3844500000,0
3847500000,0
3850500000,0
3853500000,0
3856500000,0
3859500000,0
3862500000,0
3865500000,0
3868500000,0
3871500000,0
3874500000,0
3877500000,0
3880500000,0
3883500000,0
3886500000,0
3889500000,0
3892500000,0
3895500000,0
3898500000,0
3901500000,0
3904500000,0
3907500000,0
3910500000,0
3913500000,0
3916500000,0
3919500000,0
3922500000,0
3925500000,0
3928500000,0
3931500000,0
3934500000,0
3937500000,0
3940500000,0
3943500000,0
3946500000,0
3949500000,0
3952500000,0
3955500000,0
3958500000,0
3961500000,0
3964500000,0
3967500000,0
3970500000,0
3973500000,0
3976500000,0
3979500000,0
3982500000,0
3985500000,0
3988500000,0
3991500000,0
3994500000,0
3997500000,0
4000500000,0
4003500000,0
4006500000,0
4009500000,0
4012500000,0
4015500000,0
4018500000,0
4021500000,0
4024500000,0
4027500000,0
4030500000,0
4033500000,0
4036500000,0
4039500000,0
4042500000,0
4045500000,0
4048500000,0
4051500000,0
4054500000,0
4057500000,0
4060500000,0
4063500000,0
4066500000,0
4069500000,0
4072500000,0
4075500000,0
4078500000,0
4081500000,0
4084500000,0
4087500000,0
4090500000,0
4093500000,0
4096500000,0
4099500000,0
4102500000,0
4105500000,0
4108500000,0
4111500000,0
4114500000,0
4117500000,0
4120500000,0
4123500000,0
4126500000,0
4129500000,0
4132500000,0
4135500000,0
4138500000,0
4141500000,0
4144500000,0
4147500000,0
4150500000,0
4153500000,0
4156500000,0
4159500000,0
4162500000,0
4165500000,0
4168500000,0
4171500000,0
4174500000,0
4177500000,0
4180500000,0
4183500000,0
4186500000,0
4189500000,0
4192500000,0
4195500000,0
4198500000,0
4201500000,0
4204500000,0
4207500000,0
4210500000,0
4213500000,0
4216500000,0
4219500000,0
4222500000,0
4225500000,0
4228500000,0
4231500000,0
4234500000,0
4237500000,0
4240500000,0
4243500000,0
4246500000,0
4249500000,0
4252500000,0
4255500000,0
4258500000,0
4261500000,0
4264500000,0
4267500000,0
4270500000,0
4273500000,0
4276500000,0
4279500000,0
4282500000,0
4285500000,0
4288500000,0
4291500000,0
4294500000,0
4297500000,0
4300500000,0
4303500000,0
4306500000,0
4309500000,0
4312500000,0
4315500000,0
4318500000,0
4321500000,0
4324500000,0
4327500000,0
4330500000,0
4333500000,0
4336500000,0
4339500000,0
4342500000,0
4345500000,0
4348500000,0
4351500000,0
4354500000,0
4357500000,0
4360500000,0
4363500000,0
4366500000,0
4369500000,0
4372500000,0
4375500000,0
4378500000,0
4381500000,0
4384500000,0
4387500000,0
4390500000,0
4393500000,0
4396500000,0
4399500000,0
4402500000,0
4405500000,0
4408500000,0
4411500000,0
4414500000,0
4417500000,0
4420500000,0
4423500000,0
4426500000,0
4429500000,0
4432500000,0
4435500000,0
4438500000,0
4441500000,0
4444500000,0
4447500000,0
4450500000,0
4453500000,0
4456500000,0
4459500000,0
4462500000,0
4465500000,0
4468500000,0
4471500000,0
4474500000,0
4477500000,0
4480500000,0
4483500000,0
4486500000,0
4489500000,0
4492500000,0
4495500000,0
4498500000,0
4501500000,0
4504500000,0
4507500000,0
4510500000,0
4513500000,0
4516500000,0
4519500000,0
4522500000,0
4525500000,0
4528500000,0
4531500000,0
4534500000,0
4537500000,0
4540500000,0
4543500000,0
4546500000,0
4549500000,0
4552500000,0
4555500000,0
4558500000,0
4561500000,0
4564500000,0
4567500000,0
4570500000,0
4573500000,0
4576500000,0
4579500000,0
4582500000,0
4585500000,0
4588500000,0
4591500000,0
4594500000,0
4597500000,0
4600500000,0
4603500000,0
4606500000,0
4609500000,0
4612500000,0
4615500000,0
4618500000,0
4621500000,0
4624500000,0
4627500000,0
4630500000,0
4633500000,0
4636500000,0
4639500000,0
4642500000,0
4645500000,0
4648500000,0
4651500000,0
4654500000,0
4657500000,0
4660500000,0
4663500000,0
4666500000,0
4669500000,0
4672500000,0
4675500000,0
4678500000,0
4681500000,0
4684500000,0
4687500000,0
4690500000,0
4693500000,0
4696500000,0
4699500000,0
4702500000,0
4705500000,0
4708500000,0
4711500000,0
4714500000,0
4717500000,0
4720500000,0
4723500000,0
4726500000,0
4729500000,0
4732500000,0
4735500000,0
4738500000,0
4741500000,0
4744500000,0
4747500000,0
4750500000,0
4753500000,0
4756500000,0
4759500000,0
4762500000,0
4765500000,0
4768500000,0
4771500000,0
4774500000,0
4777500000,0
4780500000,0
4783500000,0
4786500000,0
4789500000,0
4792500000,0
4795500000,0
4798500000,0
4801500000,0
4804500000,0
4807500000,0
4810500000,0
4813500000,0
4816500000,0
4819500000,0
4822500000,0
4825500000,0
4828500000,0
4831500000,0
4834500000,0
4837500000,0
4840500000,0
4843500000,0
4846500000,0
4849500000,0
4852500000,0
4855500000,0
4858500000,0
4861500000,0
4864500000,0
4867500000,0
4870500000,0
4873500000,0
4876500000,0
4879500000,0
4882500000,0
4885500000,0
4888500000,0
4891500000,0
4894500000,0
4897500000,0
4900500000,0
4903500000,0
4906500000,0
4909500000,0
4912500000,0
4915500000,0
4918500000,0
4921500000,0
4924500000,0
4927500000,0
4930500000,0
4933500000,0
4936500000,0
4939500000,0
4942500000,0
4945500000,0
4948500000,0
4951500000,0
4954500000,0
4957500000,0
4960500000,0
4963500000,0
4966500000,0
4969500000,0
4972500000,0
4975500000,0
4978500000,0
4981500000,0
4984500000,0
4987500000,0
4990500000,0
4993500000,0
4996500000,0
4999500000,0
5002500000,0
5005500000,0
5008500000,0
5011500000,0
5014500000,0
5017500000,0
5020500000,0
5023500000,0
5026500000,0
5029500000,0
5032500000,0
5035500000,0
5038500000,0
5041500000,0
5044500000,0
5047500000,0
5050500000,0
5053500000,0
5056500000,0
5059500000,0
5062500000,0
5065500000,0
5068500000,0
5071500000,0
5074500000,0
5077500000,0
5080500000,0
5083500000,0
5086500000,0
5089500000,0
5092500000,0
5095500000,0
5098500000,0
5101500000,0
5104500000,0
5107500000,0
5110500000,0
5113500000,0
5116500000,0
5119500000,0
5122500000,0
5125500000,0
5128500000,0
5131500000,0
5134500000,0
5137500000,0
5140500000,0
5143500000,0
5146500000,0
5149500000,0
5152500000,0
5155500000,0
5158500000,0
5161500000,0
5164500000,0
5167500000,0
5170500000,0
5173500000,0
5176500000,0
5179500000,0
5182500000,0
5185500000,0
5188500000,0
5191500000,0
5194500000,0
5197500000,0
5200500000,0
5203500000,0
5206500000,0
5209500000,0
5212500000,0
5215500000,0
5218500000,0
5221500000,0
5224500000,0
5227500000,0
5230500000,0
5233500000,0
5236500000,0
5239500000,0
5242500000,0
5245500000,0
5248500000,0
5251500000,0
5254500000,0
5257500000,0
5260500000,0
5263500000,0
5266500000,0
5269500000,0
5272500000,0
5275500000,0
5278500000,0
5281500000,0
5284500000,0
5287500000,0
5290500000,0
5293500000,0
5296500000,0
5299500000,0
5302500000,0
5305500000,0
5308500000,0
5311500000,0
5314500000,0
5317500000,0
5320500000,0
5323500000,0
5326500000,0
5329500000,0
5332500000,0
5335500000,0
5338500000,0
5341500000,0
5344500000,0
5347500000,0
5350500000,0
5353500000,0
5356500000,0
5359500000,0
5362500000,0
5365500000,0
5368500000,0
5371500000,0
5374500000,0
5377500000,0
5380500000,0
5383500000,0
5386500000,0
5389500000,0
5392500000,0
5395500000,0
5398500000,0
5401500000,0
5404500000,0
5407500000,0
5410500000,0
5413500000,0
5416500000,0
5419500000,0
5422500000,0
5425500000,0
5428500000,0
5431500000,0
5434500000,0
5437500000,0
5440500000,0
5443500000,0
5446500000,0
5449500000,0
5452500000,0
5455500000,0
5458500000,0
5461500000,0
5464500000,0
5467500000,0
5470500000,0
5473500000,0
5476500000,0
5479500000,0
5482500000,0
5485500000,0
5488500000,0
5491500000,0
5494500000,0
5497500000,0
5500500000,0
5503500000,0
5506500000,0
5509500000,0
5512500000,0
5515500000,0
5518500000,0
5521500000,0
5524500000,0
5527500000,0
5530500000,0
5533500000,0
5536500000,0
5539500000,0
5542500000,0
5545500000,0
5548500000,0
5551500000,0
5554500000,0
5557500000,0
5560500000,0
5563500000,0
5566500000,0
5569500000,0
5572500000,0
5575500000,0
5578500000,0
5581500000,0
5584500000,0
5587500000,0
5590500000,0
5593500000,0
5596500000,0
5599500000,0
5602500000,0
5605500000,0
5608500000,0
5611500000,0
5614500000,0
5617500000,0
5620500000,0
5623500000,0
5626500000,0
5629500000,0
5632500000,0
5635500000,0
5638500000,0
5641500000,0
5644500000,0
5647500000,0
5650500000,0
5653500000,0
5656500000,0
5659500000,0
5662500000,0
5665500000,0
5668500000,0
5671500000,0
5674500000,0
5677500000,0
5680500000,0
5683500000,0
5686500000,0
5689500000,0
5692500000,0
5695500000,0
5698500000,0
5701500000,0
5704500000,0
5707500000,0
5710500000,0
5713500000,0
5716500000,0
5719500000,0
5722500000,0
5725500000,0
5728500000,0
5731500000,0
5734500000,0
5737500000,0
5740500000,0
5743500000,0
5746500000,0
5749500000,0
5752500000,0
5755500000,0
5758500000,0
5761500000,0
5764500000,0
5767500000,0
5770500000,0
5773500000,0
5776500000,0
5779500000,0
5782500000,0
5785500000,0
5788500000,0
5791500000,0
5794500000,0
5797500000,0
5800500000,0
5803500000,0
5806500000,0
5809500000,0
5812500000,0
5815500000,0
5818500000,0
5821500000,0
5824500000,0
5827500000,0
5830500000,0
5833500000,0
5836500000,0
5839500000,0
5842500000,0
5845500000,0
5848500000,0
5851500000,0
5854500000,0
5857500000,0
5860500000,0
5863500000,0
5866500000,0
5869500000,0
5872500000,0
5875500000,0
5878500000,0
5881500000,0
5884500000,0
5887500000,0
5890500000,0
5893500000,0
5896500000,0
5899500000,0
5902500000,0
5905500000,0
5908500000,0
5911500000,0
5914500000,0
5917500000,0
5920500000,0
5923500000,0
5926500000,0
5929500000,0
5932500000,0
5935500000,0
5938500000,0
5941500000,0
5944500000,0
5947500000,0
5950500000,0
5953500000,0
5956500000,0
5959500000,0
5962500000,0
5965500000,0
5968500000,0
5971500000,0
5974500000,0
5977500000,0
5980500000,0
5983500000,0
5986500000,0
5989500000,0
5992500000,0
5995500000,0
5998500000,0
